id,segmento,tipo,marca,modelo,capacidad_btu,toneladas,voltaje,precio_min_mxn,precio_max_mxn,precio_promedio_mxn,nivel,aplicaciones,fuente_precio,notas,activo
R01,Residencial,Minisplit on/off,Mirage,X Life / Life 12+ 1 TR,12000,1,220 V,5000,6500,5600,Económico,"recamara,estudio",Retail MX 2025-26,El más barato de entrada; gasta más luz que un inverter,SI
R02,Residencial,Minisplit inverter,Mirage,X5 Inverter WiFi R32 1 TR,12000,1,110 V / 220 V,5500,7200,6300,Recomendado,"recamara,estudio,sala",Retail MX 2025-26,Mejor costo-beneficio en 1 tonelada,SI
R03,Residencial,Minisplit inverter frío/calor,Hisense,Inverter 2 TR frío/calor,24000,2,220 V,11500,15000,12900,Económico,"sala,cocina",Retail MX 2025-26,2 toneladas inverter al precio de un convencional,SI
R04,Residencial,Minisplit inverter,Midea,EcoSaver-32 Inverter 1.5 TR,18000,1.5,220 V,9500,14000,11500,Recomendado,"recamara,sala,estudio",Retail MX 2025-26,"SEER alto, frío/calor",SI
R05,Residencial,Minisplit inverter,Mirage,Inverter X / V32 3 TR,36000,3,220 V,24000,34000,28000,Recomendado,"sala,cocina",Estimado de mercado,Para salas grandes y espacios abiertos,SI
R06,Residencial,Minisplit inverter frío/calor,LG,DualCool Inverter 2 TR,24000,2,220 V,17000,25000,20500,Premium,"sala,cocina",Retail MX 2025-26,"Compresor Dual Inverter, muy silencioso",SI
R07,Residencial,Minisplit inverter frío/calor,LG,DualCool Inverter WiFi 1 TR,12000,1,110 V / 220 V,8500,12500,10200,Premium,"recamara,estudio",Retail MX 2025-26,Garantía larga en compresor,SI
R08,Residencial,Minisplit inverter alta eficiencia,Mirage,Magnum 22 Inverter 1.5 TR,18000,1.5,220 V,13500,17500,15200,Premium,"recamara,sala",Estimado de mercado,22 SEER: el de menor consumo de la lista,SI
R09,Residencial,Ventana,LG / Mabe,"Ventana Dual Inverter 12,000 BTU",12000,1,110 V,7000,11000,8800,Económico,"recamara,estudio",Estimado de mercado,Sin tubería: se monta en ventana o hueco de muro,SI
R10,Residencial,Portátil (todo en uno),Midea / Hisense,"Portátil 12,000 BTU",12000,1,110 V,6500,10000,7900,Económico,"recamara,estudio",Estimado de mercado,No requiere instalación; ideal si rentas,SI
I01,Industrial,Paquete rooftop (azotea),York,YMGE60 5 TR 14 SEER,60000,5,220 V 1F/3F,50000,120000,82000,Económico,"oficinas,comercio,restaurante,auditorio",Distribuidores MX 2025-26,"Todo en un gabinete en azotea, con ductos",SI
I02,Industrial,Paquete rooftop (azotea),York / Carrier,YMMRZC120 / 50TC 10 TR,120000,10,220 V 3F,130000,180000,155000,Recomendado,"auditorio,comercio,gimnasio,nave,foro_tv,restaurante",Distribuidores MX 2025-26,El caballito de batalla del comercio mediano,SI
I03,Industrial,Paquete rooftop (azotea),Trane / Carrier,Foundation / 50TC 20 TR,240000,20,220/440 V 3F,290000,420000,350000,Recomendado,"auditorio,nave,foro_tv,comercio,gimnasio",Estimado de proyecto,"Auditorios, naves y tiendas grandes",SI
I04,Industrial,Cassette / piso-techo comercial,Mirage / Midea,Light commercial inverter 5 TR,60000,5,220 V,38000,60000,48000,Económico,"oficinas,restaurante,comercio,gimnasio",Estimado de mercado,Sin ductos; instalación rápida en plafón o muro,SI
I05,Industrial,Fan & coil ductado + condensadora,Carrier / Trane,Split ductado 5 TR,60000,5,220 V 3F,55000,90000,70000,Recomendado,"oficinas,auditorio,foro_tv",Estimado de mercado,Silencioso: la máquina queda fuera del recinto,SI
I06,Industrial,VRF / VRV,Daikin / LG / Midea,VRV · Multi V · V8 10 HP (8 TR),96000,8,220/440 V 3F,380000,650000,500000,Premium,"oficinas,foro_tv,comercio",Estimado de proyecto,Control por zona y el menor consumo; incluye unidades interiores,SI
I07,Industrial,Chiller scroll enfriado por aire,Carrier / Trane / York,AquaSnap 30RAP · CGAM · YLAA 30 TR,360000,30,440 V 3F,900000,1500000,1150000,Premium,"farma,foro_tv,auditorio,nave",Estimado de proyecto,Agua helada para manejadoras; no incluye UMAs ni bombeo,SI
I08,Industrial,Chiller enfriado por aire,Carrier / Trane / York,Tornillo / scroll múltiple 100 TR,1200000,100,440 V 3F,2600000,4200000,3300000,Premium,"farma,nave,foro_tv",Estimado de proyecto,"Plantas, farmacéutica y proceso",SI
I09,Industrial,Aire de precisión,Vertiv Liebert / Stulz,Precisión perimetral 5 TR,60000,5,220/440 V 3F,320000,600000,450000,Premium,"datacenter,farma",Estimado de proyecto,Control fino de temperatura y humedad 24/7,SI
I10,Industrial,Manejadora (UMA) con filtración HEPA,Trane / Carrier / York,UMA grado limpio 10 TR,120000,10,220/440 V 3F,450000,900000,650000,Recomendado,"farma,datacenter",Estimado de proyecto,Para cuartos limpios; requiere chiller o condensadora,SI
